datum,prvih_pet,zadnji_dve,zmagovalci,sodelujoči
05-01-2018,"2,7,38,40,45","7,10","712,889","21,310,771"
12-01-2018,"16,17,25,40,44","2,9","914,481","24,505,497"
19-01-2018,"3,9,17,45,47","4,9","1,091,855","28,051,329"
26-01-2018,"10,23,26,29,35","3,5","1,512,948","35,652,257"
02-02-2018,"15,24,29,33,41","7,8","1,800,492","47,338,185"
09-02-2018,"7,8,24,34,46","4,8","2,101,947","50,386,168"
16-02-2018,"4,8,19,25,44","9,10","649,719","18,997,007"
23-02-2018,"18,26,33,42,46","4,10","636,392","19,284,479"
02-03-2018,"16,18,20,27,46","3,5","854,970","20,740,030"
09-03-2018,"15,23,28,33,36","4,7","1,005,720","22,437,223"
16-03-2018,"4,27,37,48,49","3,4","660,291","17,137,722"
23-03-2018,"4,14,22,33,42","1,10","584,750","17,880,450"
30-03-2018,"5,15,17,29,32","5,7","734,296","16,148,196"
06-04-2018,"6,8,16,23,50","4,8","705,366","16,544,298"
13-04-2018,"3,10,21,25,34","7,10","681,490","18,916,770"
20-04-2018,"22,24,25,28,46","2,4","727,019","18,588,642"
27-04-2018,"9,21,31,32,33","9,10","647,776","20,731,505"
04-05-2018,"24,26,29,36,49","3,6","925,321","23,074,789"
11-05-2018,"3,14,17,37,39","5,10","905,671","24,781,675"
18-05-2018,"1,11,23,41,44","2,8","1,182,442","29,756,317"
25-05-2018,"15,31,35,40,46","3,8","1,321,179","35,775,782"
01-06-2018,"14,19,21,30,32","4,7","1,685,356","39,637,773"
08-06-2018,"5,13,22,36,39","9,10","1,465,411","41,682,699"
15-06-2018,"1,5,7,9,21","3,10","1,653,385","42,268,189"
22-06-2018,"16,24,33,35,43","6,7","1,638,435","42,118,940"
29-06-2018,"9,18,30,47,48","4,6","1,535,814","42,145,418"
06-07-2018,"2,7,24,38,45","5,8","1,807,268","42,501,202"
13-07-2018,"13,14,21,34,46","2,5","846,885","21,097,545"
20-07-2018,"13,33,40,42,43","7,9","764,473","20,559,825"
27-07-2018,"2,22,40,43,50","3,8","675,312","18,305,040"
03-08-2018,"4,8,12,25,31","7,8","850,241","19,554,498"
10-08-2018,"4,15,17,21,23","6,7","847,385","20,426,598"
17-08-2018,"2,12,32,43,44","3,4","852,889","21,744,031"
24-08-2018,"8,25,26,38,48","6,9","861,368","23,593,497"
31-08-2018,"3,6,9,18,24","2,7","1,235,343","26,151,226"
07-09-2018,"4,7,28,36,43","1,6","679,780","18,458,535"
14-09-2018,"24,33,35,46,49","5,9","703,083","19,226,000"
21-09-2018,"5,8,16,42,46","2,10","688,760","20,485,910"
28-09-2018,"3,8,13,18,40","6,10","742,952","21,390,244"
05-10-2018,"12,15,32,44,49","5,7","938,712","23,214,708"
12-10-2018,"6,26,31,42,50","2,9","891,601","26,192,555"
19-10-2018,"9,12,28,32,48","7,8","1,265,601","30,439,400"
26-10-2018,"18,19,33,38,44","4,10","1,340,467","36,366,433"
02-11-2018,"5,17,27,33,42","9,10","1,384,565","38,837,833"
09-11-2018,"8,32,34,46,49","3,5","1,559,985","40,212,913"
16-11-2018,"13,15,18,39,45","5,6","1,566,565","40,955,592"
23-11-2018,"17,22,28,31,46","5,10","687,586","20,568,465"
30-11-2018,"18,22,35,36,41","3,4","802,185","21,197,792"
07-12-2018,"4,16,21,31,42","4,6","826,217","22,386,554"
14-12-2018,"4,14,24,26,30","9,10","627,985","19,336,495"
21-12-2018,"3,16,20,34,49","2,10","657,965","20,081,699"
28-12-2018,"19,24,31,38,40","7,10","701,128","20,823,926"
04-01-2019,"3,10,25,32,43","1,3","710,282","18,079,538"
11-01-2019,"6,12,35,39,49","4,9","705,527","19,214,642"
18-01-2019,"2,9,23,36,47","2,9","821,963","20,862,024"
25-01-2019,"24,25,28,35,48","4,8","899,970","22,098,848"
01-02-2019,"6,29,38,45,47","2,3","893,159","24,898,020"
08-02-2019,"5,8,21,24,26","4,5","1,176,169","27,776,915"
15-02-2019,"1,24,30,31,47","7,9","648,742","19,010,878"
22-02-2019,"14,16,21,25,26","8,10","670,863","19,816,637"
01-03-2019,"7,16,18,19,24","1,6","895,335","21,438,287"
08-03-2019,"4,29,30,31,45","1,7","804,762","23,681,633"
15-03-2019,"1,2,11,19,47","2,7","1,113,783","26,458,658"
22-03-2019,"15,20,24,44,49","7,9","670,058","18,875,262"
29-03-2019,"4,9,15,24,42","8,9","760,568","20,199,278"
05-04-2019,"22,31,43,44,50","1,9","652,928","21,014,566"
12-04-2019,"14,16,21,30,37","4,8","905,071","22,631,728"
19-04-2019,"18,21,37,43,47","1,3","851,018","24,041,776"
26-04-2019,"1,6,11,17,38","4,8","1,107,524","27,071,686"
03-05-2019,"3,9,10,19,42","1,7","1,307,575","32,231,466"
10-05-2019,"5,7,15,19,29","3,8","1,880,503","39,799,004"
17-05-2019,"20,27,33,35,46","5,9","766,182","19,916,078"
24-05-2019,"8,26,38,47,50","3,7","850,315","20,625,985"
31-05-2019,"10,12,35,36,43","2,5","845,832","21,738,099"
07-06-2019,"7,8,20,35,38","5,9","893,723","23,582,367"
14-06-2019,"8,23,40,41,42","2,10","822,991","25,165,578"
21-06-2019,"20,27,37,41,45","1,7","630,228","18,545,181"
28-06-2019,"18,25,26,35,38","5,6","772,138","19,345,720"
05-07-2019,"1,15,34,48,50","6,10","552,023","18,217,462"
12-07-2019,"31,36,40,42,45","7,9","615,734","19,092,480"
19-07-2019,"31,32,45,47,49","7,9","693,664","20,482,884"
26-07-2019,"3,8,30,46,48","1,3","762,628","21,364,123"
02-08-2019,"6,11,38,41,44","9,10","768,549","24,379,569"
09-08-2019,"2,4,20,21,49","9,10","872,014","27,236,213"
16-08-2019,"7,20,35,42,44","3,7","1,343,030","30,821,290"
23-08-2019,"15,18,19,41,42","4,6","1,439,024","38,983,660"
30-08-2019,"10,18,32,35,46","3,10","682,484","19,925,737"
06-09-2019,"21,24,29,30,50","1,5","709,043","21,098,656"
13-09-2019,"3,21,22,33,47","2,9","952,176","23,826,831"
20-09-2019,"17,21,41,48,49","4,8","898,036","24,157,211"
27-09-2019,"21,24,26,34,47","4,6","727,336","19,116,390"
04-10-2019,"15,19,20,45,49","7,8","743,837","20,121,311"
11-10-2019,"8,12,13,39,44","4,9","867,714","21,275,141"
18-10-2019,"6,9,31,43,44","6,9","830,721","23,295,151"
25-10-2019,"2,30,34,35,45","1,2","825,127","25,933,414"
01-11-2019,"3,17,31,34,40","1,2","971,323","28,173,228"
08-11-2019,"14,20,23,39,49","4,10","1,115,953","32,866,599"
15-11-2019,"10,19,24,30,39","2,4","1,543,440","39,870,233"
22-11-2019,"3,12,24,37,38","3,7","2,052,799","41,958,109"
29-11-2019,"2,3,30,31,45","6,8","735,385","21,361,137"
06-12-2019,"8,14,23,30,45","1,9","787,375","22,468,964"
13-12-2019,"25,31,38,49,50","5,10","703,954","21,430,892"
20-12-2019,"12,20,21,22,35","4,10","719,587","20,533,801"
27-12-2019,"7,12,28,34,45","3,6","889,107","20,326,576"
03-01-2020,"6,27,30,35,41","4,5","791,028","21,841,048"
10-01-2020,"4,14,25,34,49","4,9","934,401","24,421,541"
17-01-2020,"1,23,32,45,49","5,10","915,404","27,789,303"
24-01-2020,"5,12,20,29,48","7,9","1,223,986","30,820,576"
31-01-2020,"1,7,12,23,39","3,4","1,577,924","36,410,095"
07-02-2020,"7,16,22,36,44","3,4","1,766,281","42,849,053"
14-02-2020,"2,6,30,32,49","1,4","734,612","21,799,279"
21-02-2020,"2,13,39,45,47","4,6","839,027","22,851,081"
28-02-2020,"12,22,24,29,38","5,6","990,528","24,219,597"
06-03-2020,"15,19,35,36,41","5,10","890,523","26,660,014"
13-03-2020,"1,17,29,39,42","7,8","1,118,511","29,379,144"
20-03-2020,"9,14,28,30,37","3,10","1,006,684","27,588,722"
27-03-2020,"13,19,23,34,41","3,8","1,359,195","31,017,236"
03-04-2020,"3,21,26,40,41","8,10","1,163,608","36,235,144"
10-04-2020,"2,7,8,43,50","2,3","1,418,540","36,823,339"
17-04-2020,"1,18,23,33,41","2,6","1,477,888","39,393,189"
24-04-2020,"6,13,15,34,35","1,5","1,554,107","42,024,820"
01-05-2020,"6,11,12,21,41","1,2","1,577,974","44,091,732"
08-05-2020,"9,11,15,36,43","8,9","812,567","22,216,936"
15-05-2020,"21,27,29,34,49","8,10","737,135","22,082,662"
22-05-2020,"12,15,32,40,45","7,10","774,751","22,892,454"
29-05-2020,"8,22,31,32,36","6,10","789,768","24,757,645"
05-06-2020,"9,16,17,29,39","1,8","789,396","20,975,737"
12-06-2020,"7,16,22,30,48","2,8","884,613","22,169,843"
19-06-2020,"2,22,33,38,47","2,9","925,160","24,086,336"
26-06-2020,"14,16,32,34,47","7,9","957,793","25,596,435"
03-07-2020,"12,34,36,47,48","5,7","848,932","21,439,426"
10-07-2020,"5,6,9,15,29","4,9","963,947","23,185,557"
17-07-2020,"13,21,25,34,35","5,10","912,418","24,859,411"
24-07-2020,"7,11,19,32,43","2,8","1,196,652","26,935,562"
31-07-2020,"3,19,28,43,49","2,3","1,210,153","30,080,210"
07-08-2020,"4,9,15,24,28","2,6","1,384,991","33,745,693"
14-08-2020,"9,20,27,35,48","5,9","840,010","21,959,302"
21-08-2020,"26,27,30,46,49","1,2","752,742","23,212,642"
28-08-2020,"8,11,22,38,41","4,7","1,091,977","25,029,208"
04-09-2020,"5,23,28,38,49","3,9","885,440","21,592,522"
11-09-2020,"2,5,24,43,45","4,10","778,354","23,096,785"
18-09-2020,"7,12,14,40,42","7,8","875,839","21,075,741"
25-09-2020,"1,7,9,29,46","9,10","785,466","22,277,000"
02-10-2020,"15,19,34,39,49","2,7","987,106","24,600,992"
09-10-2020,"1,11,17,23,29","1,8","1,047,224","26,258,893"
16-10-2020,"5,11,35,44,50","4,10","995,348","29,378,019"
23-10-2020,"17,21,23,37,45","7,9","866,552","21,312,389"
30-10-2020,"11,19,24,33,39","1,4","888,279","22,848,077"
06-11-2020,"5,12,26,47,50","2,3","931,991","24,288,079"
13-11-2020,"5,17,21,37,38","1,4","1,045,822","28,369,377"
20-11-2020,"18,20,34,49,50","7,8","1,075,127","29,946,144"
27-11-2020,"1,2,22,25,30","5,10","737,183","21,016,333"
04-12-2020,"1,27,37,40,41","7,10","663,565","21,081,840"
11-12-2020,"4,13,15,41,49","1,9","761,560","22,309,514"
18-12-2020,"4,17,27,28,50","5,8","968,882","24,136,835"
25-12-2020,"7,10,19,26,42","1,9","951,835","24,968,742"
01-01-2021,"17,36,38,43,46","4,6","1,100,427","29,738,324"
08-01-2021,"8,22,25,38,50","8,9","1,295,746","34,985,317"
15-01-2021,"10,19,32,36,46","4,6","1,658,693","44,309,295"
22-01-2021,"38,40,41,46,48","2,6","733,794","23,257,192"
29-01-2021,"16,30,33,36,43","4,8","876,951","23,019,317"
05-02-2021,"2,3,16,33,46","2,10","795,415","22,757,316"
12-02-2021,"15,18,24,27,44","2,7","966,296","22,090,520"
19-02-2021,"27,35,36,38,41","5,7","935,704","24,380,978"
26-02-2021,"3,13,24,29,32","1,7","1,072,893","26,420,466"
05-03-2021,"9,23,34,40,42","1,4","1,009,995","28,976,320"
12-03-2021,"6,11,18,26,34","5,8","1,397,424","32,748,362"
19-03-2021,"3,11,19,34,37","8,9","917,601","22,707,310"
26-03-2021,"7,38,41,44,50","1,8","816,466","24,319,745"
02-04-2021,"1,3,4,36,43","2,3","967,431","25,501,713"
09-04-2021,"11,18,23,29,32","3,7","1,334,988","28,213,954"
16-04-2021,"12,19,20,28,31","6,9","888,721","22,150,972"
23-04-2021,"3,6,11,14,49","1,5","925,410","23,973,384"
30-04-2021,"23,27,34,40,43","5,7","1,043,298","25,974,680"
07-05-2021,"3,7,19,27,29","7,10","1,245,382","28,472,100"
14-05-2021,"1,15,29,42,50","3,6","1,135,100","31,935,758"
21-05-2021,"2,12,15,33,39","4,9","1,453,274","36,052,283"
28-05-2021,"15,26,35,37,43","3,8","1,712,915","42,396,972"
04-06-2021,"13,17,26,49,50","1,7","837,031","21,995,292"
11-06-2021,"8,20,23,48,50","8,9","812,463","23,204,118"
18-06-2021,"11,14,44,46,49","7,10","827,606","24,492,932"
25-06-2021,"4,17,22,30,47","1,8","960,209","26,260,599"
02-07-2021,"4,5,10,25,31","4,6","868,514","21,047,554"
09-07-2021,"8,14,15,20,31","8,9","814,434","22,365,282"
16-07-2021,"9,14,24,37,39","4,9","944,996","23,829,720"
23-07-2021,"13,33,42,48,50","3,9","973,565","25,474,993"
30-07-2021,"5,14,39,43,44","1,6","961,012","28,823,698"
06-08-2021,"16,19,21,29,36","1,7","1,293,510","33,313,095"
13-08-2021,"4,31,39,43,46","1,4","1,404,297","42,411,846"
20-08-2021,"8,31,34,36,45","8,10","713,270","22,041,131"
27-08-2021,"19,20,22,25,42","4,6","899,531","23,511,506"
03-09-2021,"5,9,20,44,48","4,10","856,973","25,476,368"
10-09-2021,"2,14,18,23,42","5,10","984,430","27,543,877"
17-09-2021,"14,17,20,27,32","3,7","1,022,567","21,713,578"
24-09-2021,"12,22,35,38,49","5,10","838,343","23,170,143"
01-10-2021,"20,33,34,37,39","4,8","830,624","21,635,447"
08-10-2021,"20,28,32,38,46","6,8","817,298","23,098,832"
15-10-2021,"2,6,8,21,25","6,9","963,253","24,647,244"
22-10-2021,"15,33,34,38,43","3,7","927,552","21,430,437"
29-10-2021,"11,23,37,38,44","4,8","896,781","21,043,980"
05-11-2021,"6,13,25,31,49","2,7","878,724","21,095,832"
12-11-2021,"4,30,43,44,46","1,3","676,935","20,867,222"
19-11-2021,"6,12,20,21,34","4,5","914,375","22,429,302"
26-11-2021,"7,17,21,37,39","3,5","1,036,667","23,568,452"
03-12-2021,"2,5,13,15,23","6,8","1,094,955","26,385,872"
10-12-2021,"8,9,30,34,48","5,8","1,139,614","29,307,282"
17-12-2021,"6,8,16,44,50","1,10","1,106,102","33,637,128"
24-12-2021,"3,17,21,35,42","8,9","906,174","23,831,507"
31-12-2021,"7,16,36,42,43","6,8","914,699","25,123,251"
07-01-2022,"8,17,21,23,47","2,6","927,530","22,959,465"
14-01-2022,"9,15,27,41,44","2,4","960,710","24,880,992"
21-01-2022,"2,5,9,29,32","2,4","1,119,783","27,576,142"
28-01-2022,"5,21,23,29,35","7,9","883,709","21,601,408"
04-02-2022,"12,18,27,33,41","9,10","750,419","21,480,043"
11-02-2022,"5,10,26,37,42","3,10","821,025","22,924,040"
18-02-2022,"5,10,25,29,32","4,7","1,065,378","24,543,276"
25-02-2022,"4,19,34,41,43","1,5","924,213","25,994,320"
04-03-2022,"1,17,20,36,49","6,9","997,985","28,112,529"
11-03-2022,"5,31,39,46,49","8,9","1,095,187","32,293,459"
18-03-2022,"1,8,33,38,43","2,6","1,358,373","37,209,873"
25-03-2022,"11,20,31,35,46","6,10","606,916","20,718,978"
29-03-2022,"10,15,18,24,39","2,11","213,539","7,573,345"
01-04-2022,"7,8,35,37,49","5,8","798,720","20,788,399"
05-04-2022,"9,10,28,38,48","8,12","204,097","7,497,223"
08-04-2022,"2,26,41,45,48","5,12","435,767","19,660,255"
12-04-2022,"19,20,24,36,41","4,5","269,484","8,299,635"
15-04-2022,"2,5,10,20,24","4,7","786,433","19,295,296"
19-04-2022,"3,7,15,17,35","3,4","319,238","7,921,169"
22-04-2022,"2,18,28,42,50","2,11","506,418","20,133,690"
26-04-2022,"10,27,32,41,49","1,9","289,436","9,615,862"
29-04-2022,"5,6,17,18,34","1,11","565,316","369,292"
03-05-2022,"6,13,22,24,30","5,10","364,812","10,613,549"
06-05-2022,"5,6,39,49,50","10,12","548,103","23,949,871"
10-05-2022,"3,7,34,43,50","5,10","397,667","12,669,195"
13-05-2022,"7,13,30,43,47","7,11","860,120","28,947,751"
17-05-2022,"2,13,41,45,50","2,3","541,089","17,838,232"
20-05-2022,"4,22,28,32,47","1,2","1,205,399","39,193,402"
24-05-2022,"25,26,40,45,47","4,5","283,742","9,505,658"
27-05-2022,"8,26,29,41,48","3,5","637,979","18,922,018"
31-05-2022,"14,30,37,39,50","4,12","213,326","8,407,850"
03-06-2022,"4,22,27,39,41","1,9","597,875","19,146,319"
07-06-2022,"5,7,45,48,49","3,8","305,559","8,606,537"
10-06-2022,"3,21,23,28,46","10,12","475,493","19,376,729"
14-06-2022,"11,28,30,35,50","7,8","309,687","9,629,653"
17-06-2022,"1,2,23,43,45","1,9","594,197","19,880,708"
21-06-2022,"6,10,17,29,49","2,5","371,785","10,484,404"
24-06-2022,"13,24,30,35,48","4,5","726,056","21,345,713"
28-06-2022,"2,10,23,29,50","3,10","362,689","11,073,386"
01-07-2022,"4,10,24,34,35","7,8","794,872","23,340,834"
05-07-2022,"7,16,28,36,43","2,11","398,475","13,372,482"
08-07-2022,"6,10,22,30,36","8,10","863,718","26,987,830"
12-07-2022,"3,16,26,30,47","1,2","533,233","17,722,472"
15-07-2022,"9,11,16,19,32","3,5","1,389,098","36,775,081"
19-07-2022,"20,23,24,37,43","9,10","882,897","28,718,389"
22-07-2022,"1,11,17,19,33","3,7","1,924,642","47,706,131"
26-07-2022,"1,2,7,24,25","2,5","418,434","11,028,256"
29-07-2022,"14,26,29,46,50","10,11","455,772","19,658,287"
02-08-2022,"6,11,39,40,47","7,8","336,806","10,868,627"
05-08-2022,"10,12,17,31,49","2,8","757,945","20,965,839"
09-08-2022,"23,26,36,40,44","5,10","342,711","11,409,432"
12-08-2022,"14,32,34,38,46","2,5","713,853","21,975,847"
16-08-2022,"4,17,32,34,49","4,9","319,382","9,277,978"
19-08-2022,"4,13,32,39,41","6,8","610,452","18,940,050"
23-08-2022,"2,9,18,21,39","4,10","286,556","8,882,731"
26-08-2022,"2,6,18,29,37","10,12","457,297","18,381,623"
30-08-2022,"18,27,41,45,49","7,9","304,922","9,561,823"
02-09-2022,"2,5,11,22,24","7,12","553,251","17,780,128"
06-09-2022,"6,10,11,20,38","3,9","331,858","9,224,326"
09-09-2022,"9,18,26,41,43","4,9","638,520","18,715,706"
13-09-2022,"20,22,26,34,40","8,12","233,834","8,860,171"
16-09-2022,"16,25,27,41,45","3,9","605,593","18,089,785"
20-09-2022,"2,13,22,36,40","3,5","325,422","9,479,964"
23-09-2022,"20,30,38,39,44","2,12","448,570","19,022,397"
27-09-2022,"15,23,26,31,44","1,8","331,597","10,511,297"
30-09-2022,"8,12,15,17,46","1,8","708,521","20,589,550"
04-10-2022,"17,42,43,48,49","3,7","373,722","11,101,556"
07-10-2022,"16,17,26,30,35","3,9","749,872","21,828,413"
11-10-2022,"7,35,36,39,47","3,8","443,412","12,930,976"
14-10-2022,"3,5,8,10,44","7,12","726,701","24,332,827"
18-10-2022,"13,18,24,34,50","5,6","508,781","15,105,315"
21-10-2022,"2,11,18,47,49","2,7","992,399","28,044,195"
25-10-2022,"17,26,35,37,39","3,4","671,718","19,513,724"
28-10-2022,"4,5,21,30,43","5,11","1,075,513","37,800,553"
01-11-2022,"18,32,39,42,44","4,7","915,923","27,427,217"
04-11-2022,"7,9,40,48,49","7,8","1,610,525","48,868,528"
08-11-2022,"15,17,23,35,38","4,9","1,323,980","36,111,784"
11-11-2022,"11,15,24,28,41","3,12","620,530","22,076,799"
15-11-2022,"1,7,11,33,48","9,12","341,991","11,815,804"
18-11-2022,"13,14,25,28,42","11,12","469,943","20,818,743"
22-11-2022,"11,20,23,37,46","9,11","346,580","12,147,193"
25-11-2022,"4,6,8,42,48","6,11","576,035","21,694,254"
29-11-2022,"9,16,32,37,46","7,12","359,878","13,092,329"
02-12-2022,"6,12,25,48,49","11,12","544,514","23,686,217"
06-12-2022,"8,12,37,44,47","7,10","466,810","14,628,470"
09-12-2022,"6,8,13,21,32","3,6","979,694","26,022,189"
13-12-2022,"3,13,33,36,47","3,11","355,489","10,829,805"
16-12-2022,"9,14,15,20,47","8,12","505,903","19,461,256"
20-12-2022,"6,11,26,43,49","5,8","414,759","11,672,858"
23-12-2022,"9,34,35,42,44","6,11","499,167","20,090,353"
27-12-2022,"28,33,34,37,44","4,11","291,466","10,283,256"
30-12-2022,"3,37,45,47,50","5,10","645,433","22,213,241"
03-01-2023,"28,29,31,37,50","4,5","363,552","12,207,645"
06-01-2023,"14,28,31,47,50","7,12","530,179","20,426,630"
10-01-2023,"9,16,27,41,45","1,4","391,350","12,906,298"
13-01-2023,"7,14,34,41,49","4,9","863,506","25,065,615"
17-01-2023,"6,11,16,35,44","2,6","500,213","15,003,369"
20-01-2023,"1,12,15,31,47","9,10","797,533","27,170,381"
24-01-2023,"9,16,17,27,31","1,9","603,569","18,472,320"
27-01-2023,"4,9,29,34,37","3,12","963,537","32,812,854"
31-01-2023,"20,21,30,41,43","10,11","686,305","26,674,558"
03-02-2023,"1,7,17,44,50","2,10","660,366","20,709,298"
07-02-2023,"10,15,25,37,46","7,12","333,674","11,659,627"
10-02-2023,"3,10,20,36,42","8,10","638,633","20,791,597"
14-02-2023,"1,2,6,14,45","2,7","448,519","13,018,994"
17-02-2023,"5,12,15,21,39","3,4","814,409","22,030,764"
21-02-2023,"13,20,34,38,43","3,6","358,128","10,669,562"
24-02-2023,"1,5,12,18,20","6,7","679,741","18,472,260"
28-02-2023,"6,20,27,38,49","3,9","386,363","11,099,857"
03-03-2023,"1,18,37,46,48","3,7","689,024","20,245,542"
07-03-2023,"4,11,12,16,42","3,5","437,771","12,163,247"
10-03-2023,"6,17,22,39,46","5,12","578,164","21,271,317"
14-03-2023,"9,16,32,34,48","2,6","410,553","12,991,273"
17-03-2023,"5,18,21,29,45","1,6","703,297","22,503,335"
21-03-2023,"8,13,16,44,47","6,8","487,172","14,244,873"
24-03-2023,"6,21,23,26,43","3,9","887,367","24,353,534"
28-03-2023,"6,12,36,37,44","1,11","447,387","16,463,366"
31-03-2023,"10,11,31,37,44","5,12","501,471","18,760,185"
04-04-2023,"1,15,19,24,33","7,8","393,066","10,797,664"
07-04-2023,"16,28,32,36,48","5,10","565,456","18,304,865"
11-04-2023,"5,19,33,37,42","7,9","377,113","10,729,629"
14-04-2023,"7,11,20,21,29","6,11","603,236","19,958,148"
18-04-2023,"16,28,31,35,42","2,10","365,817","12,401,916"
21-04-2023,"5,13,16,41,45","3,6","704,892","20,705,829"
25-04-2023,"12,21,24,28,40","1,3","443,122","13,779,455"
28-04-2023,"4,8,9,30,35","6,7","621,510","18,237,162"
02-05-2023,"11,12,13,23,26","11,12","278,367","10,150,353"
05-05-2023,"17,18,30,33,35","6,8","596,944","17,565,228"
09-05-2023,"6,11,29,34,39","2,3","351,553","10,568,183"
12-05-2023,"10,27,30,32,34","5,8","658,583","18,927,940"
16-05-2023,"28,30,31,45,46","4,8","358,657","11,817,026"
19-05-2023,"1,5,8,20,35","3,12","578,130","19,776,760"
23-05-2023,"1,2,11,14,36","2,3","426,345","12,743,509"
26-05-2023,"1,3,29,45,47","5,8","694,880","21,394,477"
30-05-2023,"2,8,16,21,39","4,5","448,659","13,390,959"
02-06-2023,"8,9,11,13,50","6,11","712,243","24,312,902"
06-06-2023,"5,7,21,22,29","3,10","642,700","17,630,477"
09-06-2023,"8,13,24,35,46","6,8","1,019,181","29,193,591"
13-06-2023,"11,29,32,46,47","5,7","796,039","24,397,698"
16-06-2023,"5,19,33,36,42","7,12","1,229,311","41,677,338"
20-06-2023,"9,18,30,34,48","1,7","1,132,270","37,110,993"
23-06-2023,"2,3,18,23,39","6,8","1,663,296","48,518,072"
27-06-2023,"7,10,13,34,47","5,9","484,118","13,065,312"
30-06-2023,"3,14,23,41,43","2,6","656,945","19,868,915"
04-07-2023,"19,21,23,36,39","5,12","388,954","13,266,273"
07-07-2023,"9,18,20,40,41","3,9","706,920","21,301,308"
11-07-2023,"11,15,17,24,46","2,11","424,280","13,916,631"
14-07-2023,"2,4,12,31,50","6,8","756,170","22,941,322"
18-07-2023,"14,16,24,40,43","1,5","456,589","15,885,855"
21-07-2023,"7,16,22,38,41","5,9","865,441","25,340,361"
25-07-2023,"3,9,11,20,39","2,3","671,992","18,308,270"
28-07-2023,"10,16,34,36,49","3,7","1,036,782","29,288,291"
01-08-2023,"2,9,38,40,44","5,11","689,956","24,770,056"
04-08-2023,"3,17,19,32,38","6,7","1,423,152","40,141,768"
08-08-2023,"6,12,25,31,37","6,9","465,138","13,161,607"
11-08-2023,"1,35,36,38,39","3,10","536,836","19,171,554"
15-08-2023,"12,21,23,26,41","5,6","401,367","11,923,272"
18-08-2023,"2,16,22,28,46","4,8","671,822","18,677,053"
22-08-2023,"8,40,41,46,47","3,11","280,876","11,185,511"
25-08-2023,"2,5,11,27,38","10,12","524,166","18,977,206"
29-08-2023,"14,18,20,39,42","6,9","399,359","12,453,191"
01-09-2023,"1,13,16,23,27","10,11","568,164","20,816,650"
05-09-2023,"9,11,13,15,25","4,9","537,847","13,947,697"
08-09-2023,"21,29,31,46,49","5,6","658,275","22,000,667"
12-09-2023,"5,13,43,45,50","1,10","416,523","14,745,621"
15-09-2023,"3,8,10,31,36","2,3","825,626","23,548,420"
19-09-2023,"8,18,26,38,39","4,12","481,616","16,477,139"
22-09-2023,"14,24,31,44,45","7,11","497,725","18,418,876"
26-09-2023,"23,24,38,42,44","1,10","317,071","11,384,076"
29-09-2023,"14,24,29,45,48","3,9","653,406","19,581,664"
03-10-2023,"13,28,29,31,47","8,9","406,429","12,416,011"
06-10-2023,"17,18,40,43,50","9,11","511,270","20,819,526"
10-10-2023,"7,8,12,21,43","4,11","446,601","14,083,643"
13-10-2023,"16,23,30,37,41","2,9","811,935","25,204,671"
17-10-2023,"6,8,42,49,50","3,5","355,509","11,319,466"
20-10-2023,"11,16,22,34,46","2,5","645,529","18,629,458"
24-10-2023,"5,14,35,40,47","1,3","347,297","11,922,666"
27-10-2023,"6,13,15,20,40","2,8","683,034","20,190,978"
31-10-2023,"6,15,21,34,48","1,5","409,033","13,687,165"
03-11-2023,"6,21,23,31,39","1,5","562,200","17,924,705"
07-11-2023,"26,36,43,47,49","4,7","374,466","11,600,251"
10-11-2023,"1,17,22,29,31","5,6","645,738","19,452,383"
14-11-2023,"9,30,34,38,48","2,3","390,551","12,725,606"
17-11-2023,"4,14,15,20,28","7,9","717,775","20,604,928"
21-11-2023,"9,20,21,22,38","3,12","320,455","10,779,246"
24-11-2023,"16,27,33,34,39","2,7","642,543","17,962,700"
28-11-2023,"11,12,13,23,36","3,8","481,718","11,635,220"
01-12-2023,"23,32,38,45,49","1,9","584,958","19,816,990"
05-12-2023,"6,11,16,26,49","2,9","443,797","13,038,048"
08-12-2023,"2,8,28,32,37","3,6","746,715","21,353,539"
12-12-2023,"2,8,20,34,40","9,12","396,993","14,687,756"
15-12-2023,"7,15,17,18,39","1,10","732,498","23,542,412"
19-12-2023,"4,6,17,31,45","6,12","482,173","17,056,061"
22-12-2023,"4,6,12,31,38","2,12","840,016","28,901,955"
26-12-2023,"4,13,16,22,27","1,10","545,463","17,341,385"
29-12-2023,"2,21,34,40,48","2,6","1,116,126","37,359,972"
02-01-2024,"19,26,36,48,49","10,11","795,723","29,076,501"
05-01-2024,"11,30,32,45,47","3,10","1,405,299","47,041,852"
09-01-2024,"9,12,26,41,47","7,10","1,127,995","36,421,671"
12-01-2024,"3,31,34,43,45","6,9","1,518,602","48,811,144"
16-01-2024,"6,19,32,39,42","4,9","1,302,056","38,382,853"
19-01-2024,"10,12,18,33,47","7,10","734,527","21,706,736"
23-01-2024,"9,18,20,32,39","5,8","493,458","13,635,574"
26-01-2024,"18,23,35,37,41","6,7","698,328","21,145,579"
30-01-2024,"10,12,15,46,48","9,11","404,597","14,740,364"
02-02-2024,"13,17,21,30,39","8,11","700,530","23,772,200"
06-02-2024,"16,19,20,26,44","1,4","522,297","16,874,927"
09-02-2024,"4,10,11,20,22","7,10","893,924","25,640,977"
13-02-2024,"7,20,22,45,48","10,12","330,175","12,570,383"
16-02-2024,"7,11,17,18,34","3,5","834,157","19,992,536"
20-02-2024,"1,3,11,15,30","4,10","436,847","13,630,592"
23-02-2024,"10,19,22,37,41","2,6","720,176","21,592,898"
27-02-2024,"15,17,30,38,49","1,11","311,148","12,003,518"
01-03-2024,"13,26,30,34,41","3,7","752,175","20,222,032"
05-03-2024,"2,20,30,31,40","8,12","357,537","13,566,539"
08-03-2024,"2,11,17,23,49","4,12","681,732","21,792,111"
12-03-2024,"2,8,11,16,20","4,10","460,162","12,230,151"
15-03-2024,"16,20,25,30,49","3,10","655,733","19,891,477"
19-03-2024,"1,20,28,32,49","3,10","438,451","13,433,593"
22-03-2024,"5,17,36,37,50","3,7","810,066","20,996,473"
26-03-2024,"12,15,17,30,32","1,6","500,571","14,949,585"
29-03-2024,"7,11,30,31,39","5,10","800,594","22,933,877"
02-04-2024,"14,17,29,32,45","1,2","517,577","15,650,665"
05-04-2024,"5,8,16,30,37","1,10","826,138","25,946,053"
09-04-2024,"1,7,21,27,43","1,3","727,606","20,219,730"
12-04-2024,"1,34,39,47,49","1,12","821,031","31,686,858"
16-04-2024,"35,36,37,41,48","1,12","733,655","27,915,346"
19-04-2024,"8,14,21,34,36","1,2","1,390,120","43,059,970"
23-04-2024,"2,3,6,15,35","1,3","1,336,156","38,730,831"
26-04-2024,"3,18,23,29,47","5,12","666,706","21,619,807"
30-04-2024,"4,20,33,37,45","8,9","509,136","14,884,533"
03-05-2024,"9,17,36,40,45","5,7","729,856","20,868,888"
07-05-2024,"3,11,32,33,35","3,11","539,639","15,597,108"
10-05-2024,"28,31,39,45,49","8,11","634,595","22,923,033"
14-05-2024,"19,22,23,24,27","1,6","638,036","17,747,434"
17-05-2024,"1,2,29,36,48","1,11","709,727","26,375,508"
21-05-2024,"7,23,31,33,38","10,11","619,664","19,843,040"
24-05-2024,"2,3,4,21,45","6,12","883,135","30,256,835"
28-05-2024,"13,26,27,35,46","3,4","965,835","26,325,571"
31-05-2024,"4,23,34,39,45","6,7","1,353,240","39,895,890"
04-06-2024,"1,3,24,43,49","2,4","1,198,639","36,671,462"
07-06-2024,"8,15,29,37,45","5,10","723,783","21,486,933"
11-06-2024,"4,12,16,29,31","1,9","506,478","14,512,923"
14-06-2024,"10,21,27,42,46","2,6","722,135","21,774,519"
18-06-2024,"4,10,23,24,45","7,8","590,755","15,740,722"
21-06-2024,"2,22,24,30,40","5,6","753,530","23,022,859"
25-06-2024,"8,14,25,31,45","3,12","545,989","17,055,471"
28-06-2024,"1,8,30,43,45","10,12","677,557","25,668,650"
02-07-2024,"10,29,30,32,40","6,12","597,431","20,642,049"
05-07-2024,"4,11,16,25,32","1,11","897,055","29,834,713"
09-07-2024,"5,14,25,26,44","8,10","855,809","25,216,306"
12-07-2024,"2,14,30,32,34","3,4","695,123","20,344,654"
16-07-2024,"8,22,27,36,43","5,8","543,668","14,244,770"
19-07-2024,"13,18,22,26,32","10,11","610,550","20,940,600"
23-07-2024,"9,13,21,24,38","6,12","523,889","15,723,379"
26-07-2024,"7,11,22,26,46","5,11","754,462","22,870,029"
30-07-2024,"2,16,30,31,49","2,5","447,990","13,148,561"
02-08-2024,"14,20,26,30,31","1,2","634,477","20,329,507"
06-08-2024,"4,9,22,32,35","9,10","497,847","14,618,968"
09-08-2024,"15,18,25,29,35","1,5","726,127","21,905,971"
13-08-2024,"6,9,33,34,50","1,7","547,845","16,114,745"
16-08-2024,"4,11,16,46,50","1,3","741,470","23,290,747"
20-08-2024,"25,28,29,31,33","6,12","529,504","17,667,416"
23-08-2024,"13,21,22,26,48","2,7","967,058","26,043,135"
27-08-2024,"15,24,29,33,39","2,9","728,675","20,679,353"
30-08-2024,"8,11,25,31,48","11,12","924,940","33,165,720"
03-09-2024,"5,17,23,36,37","5,9","570,923","14,253,403"
06-09-2024,"7,11,27,42,45","3,10","727,846","19,540,137"
10-09-2024,"7,10,31,41,46","1,5","449,891","14,260,891"
13-09-2024,"2,3,17,40,44","4,8","832,425","22,773,280"
17-09-2024,"1,3,13,24,44","11,12","470,300","15,622,125"
20-09-2024,"9,17,19,26,39","4,10","827,054","22,999,290"
24-09-2024,"3,13,34,41,43","1,5","547,186","16,830,854"
27-09-2024,"6,15,25,29,41","1,3","820,252","25,374,367"
01-10-2024,"17,37,42,45,50","6,7","652,884","19,853,444"
04-10-2024,"4,16,27,34,44","4,7","1,123,554","29,052,038"
08-10-2024,"13,29,42,44,48","2,8","461,345","13,524,852"
11-10-2024,"8,11,23,44,45","10,12","596,107","20,308,845"
15-10-2024,"9,20,38,44,45","4,12","433,861","14,784,102"
18-10-2024,"2,4,23,30,40","4,10","724,667","22,276,604"
22-10-2024,"4,32,36,38,47","3,9","568,860","16,261,537"
25-10-2024,"2,19,36,42,50","4,9","792,977","24,248,111"
29-10-2024,"3,17,26,30,49","1,10","583,352","17,910,802"
01-11-2024,"13,21,27,28,41","1,3","930,330","26,381,834"
05-11-2024,"22,29,36,38,43","1,6","673,761","21,534,376"
08-11-2024,"6,23,38,42,45","9,12","987,920","33,726,865"
12-11-2024,"2,3,34,38,49","10,11","900,464","30,570,285"
15-11-2024,"27,31,35,46,50","3,10","1,401,964","45,837,983"
19-11-2024,"4,7,19,26,27","4,5","1,509,064","37,988,308"
22-11-2024,"6,10,30,34,41","7,10","1,559,796","49,364,304"
26-11-2024,"20,21,28,32,37","1,5","1,273,167","41,207,756"
29-11-2024,"10,19,24,25,40","5,9","1,838,256","53,256,424"
03-12-2024,"7,20,23,24,37","4,10","1,649,453","46,044,361"
06-12-2024,"8,14,45,47,50","2,12","1,527,375","54,881,591"
10-12-2024,"17,23,30,41,43","4,11","524,491","16,804,179"
13-12-2024,"1,4,19,35,42","1,3","804,350","24,272,868"
17-12-2024,"11,14,18,35,42","4,11","481,106","14,894,442"
20-12-2024,"1,3,10,32,44","1,8","744,277","22,406,338"
24-12-2024,"9,15,28,36,39","6,7","703,940","19,234,615"
27-12-2024,"1,9,25,27,37","6,8","778,173","22,247,567"
31-12-2024,"2,21,26,34,49","7,12","765,223","24,210,964"
03-01-2025,"1,20,21,27,29","8,10","824,409","25,929,468"
07-01-2025,"1,16,20,23,44","5,9","735,262","20,376,358"
10-01-2025,"17,34,38,42,48","2,11","916,411","29,914,196"
14-01-2025,"10,11,17,20,30","2,6","554,875","14,834,478"
17-01-2025,"7,9,14,18,31","7,8","873,905","21,657,901"
21-01-2025,"3,17,22,28,40","4,9","590,449","15,805,264"
24-01-2025,"2,9,16,46,47","3,9","805,713","23,234,232"
28-01-2025,"2,7,28,43,46","5,12","534,764","17,379,909"
31-01-2025,"1,23,32,42,47","4,11","736,729","25,905,681"
04-02-2025,"10,18,21,41,42","3,9","699,870","20,391,080"
07-02-2025,"15,17,27,33,45","5,9","1,099,338","29,514,584"
11-02-2025,"3,12,22,28,47","1,12","780,457","24,982,314"
14-02-2025,"12,14,18,45,50","2,10","682,671","21,483,314"
18-02-2025,"1,9,14,19,44","2,3","518,044","14,202,645"
21-02-2025,"18,26,29,35,36","11,12","532,642","21,253,279"
25-02-2025,"28,31,38,42,48","3,10","488,449","15,666,225"
28-02-2025,"3,4,13,20,21","8,12","747,383","23,475,023"
04-03-2025,"4,12,35,37,48","4,10","581,344","17,555,712"
07-03-2025,"7,11,12,32,42","1,4","866,571","25,281,138"
11-03-2025,"15,18,22,23,44","1,11","616,529","20,179,274"
14-03-2025,"6,13,28,37,45","5,10","1,001,941","29,446,401"
18-03-2025,"1,7,14,47,50","3,7","887,067","23,684,749"
21-03-2025,"8,9,12,14,16","6,12","1,153,344","35,751,350"
25-03-2025,"3,11,30,35,50","4,5","1,039,210","32,173,979"
28-03-2025,"2,15,19,34,49","2,6","750,103","21,402,244"
01-04-2025,"12,17,39,41,50","9,12","457,574","15,285,874"
04-04-2025,"19,23,29,37,38","2,8","809,482","22,150,544"
08-04-2025,"17,39,40,41,47","5,8","539,536","16,832,840"
11-04-2025,"2,26,27,28,49","1,10","738,596","24,335,639"
15-04-2025,"8,11,13,33,35","1,10","635,258","19,041,457"
18-04-2025,"7,8,12,29,44","3,12","876,120","25,830,806"
22-04-2025,"10,16,23,29,38","3,5","732,917","19,766,444"
25-04-2025,"13,14,40,43,45","5,8","1,009,464","30,746,416"
29-04-2025,"17,21,27,30,34","8,11","910,011","27,516,631"
02-05-2025,"3,15,22,33,35","1,7","1,368,125","39,456,802"
06-05-2025,"1,21,22,46,49","9,10","1,102,512","37,567,356"
09-05-2025,"1,5,27,36,43","5,9","1,594,487","46,640,881"
13-05-2025,"14,16,19,33,34","5,12","522,850","16,145,011"
16-05-2025,"6,8,15,27,39","6,12","683,770","21,771,134"
20-05-2025,"8,19,20,21,28","7,10","606,690","16,613,516"
23-05-2025,"11,17,19,33,40","7,12","758,273","23,486,448"
27-05-2025,"6,9,17,25,41","4,10","514,608","14,647,000"
30-05-2025,"4,5,26,29,43","5,9","765,992","21,112,382"
03-06-2025,"6,8,19,26,30","1,12","457,400","14,328,063"
06-06-2025,"7,8,11,23,39","5,11","753,993","21,199,612"
10-06-2025,"1,17,20,28,42","2,12","459,718","15,056,017"
13-06-2025,"1,15,18,27,46","5,9","834,397","24,196,808"
17-06-2025,"10,13,15,33,35","7,12","571,797","17,149,602"
20-06-2025,"6,12,18,37,46","7,9","691,220","19,367,061"
24-06-2025,"20,31,35,40,44","3,4","454,944","14,556,822"
27-06-2025,"4,14,26,29,50","3,12","642,420","21,513,958"
01-07-2025,"1,9,10,12,14","6,8","627,159","16,707,426"
04-07-2025,"14,23,34,41,44","5,10","785,525","23,863,297"
08-07-2025,"21,27,29,34,43","6,10","603,381","18,746,619"
11-07-2025,"6,12,13,43,46","6,11","811,002","26,776,362"
15-07-2025,"13,28,33,37,45","6,11","712,853","22,171,142"
18-07-2025,"10,12,21,25,39","2,4","1,104,480","31,174,303"
22-07-2025,"5,20,42,46,48","7,8","865,036","27,866,198"
25-07-2025,"7,8,13,29,36","4,8","1,576,730","40,543,829"
29-07-2025,"20,21,38,43,49","6,11","446,702","15,456,193"
01-08-2025,"4,11,12,20,33","3,5","897,756","21,775,611"
05-08-2025,"1,18,21,22,34","1,6","543,361","16,483,681"
08-08-2025,"7,16,23,41,42","1,4","764,593","23,637,236"
12-08-2025,"11,16,29,37,42","1,11","430,050","14,626,971"
15-08-2025,"5,11,20,33,43","6,12","614,472","20,595,360"
19-08-2025,"3,4,11,33,47","6,9","590,060","16,065,773"
22-08-2025,"3,14,16,22,34","7,10","799,082","22,758,555"
26-08-2025,"8,14,21,26,35","4,8","690,197","17,861,929"
29-08-2025,"3,5,19,23,48","1,5","940,679","25,981,794"
02-09-2025,"1,5,12,38,47","7,8","729,472","21,324,731"
05-09-2025,"6,14,25,29,46","7,11","903,609","29,706,797"
09-09-2025,"14,18,24,27,50","8,9","871,561","25,358,688"
12-09-2025,"7,22,24,33,45","4,12","1,241,797","39,084,413"
16-09-2025,"8,9,14,37,39","1,9","1,131,052","34,480,216"
19-09-2025,"9,37,40,41,46","1,12","1,168,584","45,593,153"
23-09-2025,"7,18,31,32,33","10,11","1,165,313","38,141,505"
26-09-2025,"12,24,26,35,48","1,2","701,457","21,971,351"
30-09-2025,"8,11,13,24,27","3,7","757,023","16,175,309"
03-10-2025,"1,2,7,21,27","8,12","728,599","22,153,976"
07-10-2025,"10,22,38,42,48","2,9","575,644","17,718,611"
10-10-2025,"4,5,24,31,41","3,12","737,571","25,182,395"
14-10-2025,"8,12,13,49,50","2,4","670,636","19,999,024"
17-10-2025,"18,21,34,35,46","2,3","904,118","27,839,537"
21-10-2025,"6,21,30,40,46","3,4","467,966","15,036,986"
24-10-2025,"12,13,27,42,43","3,4","797,232","21,547,598"
28-10-2025,"3,4,22,45,50","9,12","464,369","16,003,287"
31-10-2025,"5,11,40,41,47","1,5","723,750","23,517,929"
04-11-2025,"3,21,22,33,39","1,9","610,308","18,121,591"
07-11-2025,"13,19,22,35,40","2,8","917,355","25,743,055"
11-11-2025,"8,24,25,41,50","8,9","460,603","14,411,418"
14-11-2025,"3,5,20,30,37","6,12","628,502","21,173,974"
18-11-2025,"19,25,27,41,49","3,9","570,403","15,821,155"
21-11-2025,"15,24,30,45,50","5,6","690,701","22,569,262"
25-11-2025,"1,23,30,35,46","4,8","456,375","13,867,813"
28-11-2025,"12,16,35,46,50","3,5","696,989","21,105,832"
02-12-2025,"14,30,34,35,40","4,6","491,529","15,817,489"
05-12-2025,"1,4,18,22,24","6,10","671,268","19,870,299"
09-12-2025,"2,30,32,33,37","2,9","443,857","13,834,573"
12-12-2025,"2,25,27,37,50","2,11","609,980","20,719,167"
16-12-2025,"12,22,28,30,31","4,11","503,490","15,577,741"
19-12-2025,"8,9,15,35,45","2,5","793,605","22,941,512"
23-12-2025,"24,29,35,40,41","6,7","624,022","20,091,333"
26-12-2025,"15,21,26,29,42","4,12","650,668","22,033,985"
30-12-2025,"10,18,20,23,27","1,6","840,240","24,445,571"
